Time;Type;Volume;Symbol;Price;Volume;Time;Price;Commission;Swap;Profit
2025.11.25 01:14:00;Buy;0.01;XAUUSD;4128.49;0.01;2025.11.25 01:42:00;4134.57;-0.07;;6.08
2025.11.25 01:12:00;Buy;0.01;XAUUSD;4131.33;0.01;2025.11.25 01:42:00;4134.61;-0.07;;3.2800000000000002
2025.11.24 23:57:00;Buy;0.01;XAUUSD;4135.37;0.01;2025.11.25 01:42:00;4134.59;-0.07;-0.58;-0.78
2025.11.24 23:54:00;Buy;0.01;XAUUSD;4137.8;0.01;2025.11.25 01:42:00;4134.59;-0.07;-0.58;-3.21
2025.11.24 23:48:00;Buy;0.01;XAUUSD;4138.02;0.01;2025.11.24 23:50:00;4139.63;-0.07;;1.6099999999999999
2025.11.24 23:36:00;Buy;0.01;XAUUSD;4133.54;0.01;2025.11.24 23:43:00;4138.34;-0.07;;4.8
2025.11.24 23:18:00;Buy;0.01;XAUUSD;4132.36;0.01;2025.11.24 23:35:00;4133.17;-0.07;;0.81
2025.11.24 23:12:00;Buy;0.01;XAUUSD;4131.66;0.01;2025.11.24 23:16:00;4132.32;-0.07;;0.66
2025.11.24 23:05:00;Buy;0.01;XAUUSD;4130.51;0.01;2025.11.24 23:08:00;4132.37;-0.07;;1.8599999999999999
2025.11.24 23:00:00;Buy;0.01;XAUUSD;4132.79;0.01;2025.11.24 23:08:00;4132.37;-0.07;;-0.42
2025.11.24 22:49:00;Buy;0.01;XAUUSD;4129.2;0.01;2025.11.24 22:51:00;4131.45;-0.07;;2.25
2025.11.24 22:48:00;Buy;0.01;XAUUSD;4131.67;0.01;2025.11.24 22:51:00;4131.39;-0.07;;-0.28
2025.11.24 22:42:00;Buy;0.01;XAUUSD;4130.81;0.01;2025.11.24 22:45:00;4131.5;-0.07;;0.69
2025.11.24 22:36:00;Buy;0.01;XAUUSD;4130.71;0.01;2025.11.24 22:38:00;4133.04;-0.07;;2.33
2025.11.24 22:27:00;Buy;0.01;XAUUSD;4122.46;0.01;2025.11.24 22:30:00;4124.96;-0.07;;2.5
2025.11.24 22:24:00;Buy;0.01;XAUUSD;4124.8;0.01;2025.11.24 22:30:00;4125.01;-0.07;;0.21
2025.11.24 22:18:00;Buy;0.01;XAUUSD;4122.61;0.01;2025.11.24 22:19:00;4123.89;-0.07;;1.28
2025.11.24 22:15:00;Buy;0.01;XAUUSD;4122.14;0.01;2025.11.24 22:17:00;4123.21;-0.07;;1.07
2025.11.24 22:08:00;Buy;0.01;XAUUSD;4121.31;0.01;2025.11.24 22:13:00;4123.2;-0.07;;1.8900000000000001
2025.11.24 22:06:00;Buy;0.01;XAUUSD;4123.18;0.01;2025.11.24 22:13:00;4123.34;-0.07;;0.16
2025.11.24 22:00:00;Buy;0.01;XAUUSD;4118.35;0.01;2025.11.24 22:01:05;4119.11;-0.07;;0.76
2025.11.24 22:00:00;Buy;0.01;XAUUSD;4118.51;0.01;2025.11.24 22:01:00;4119.15;-0.07;;0.64
2025.11.12 22:02:00;Buy;0.01;XAUUSD;4195.69;0.01;2025.11.12 22:05:00;4197.46;-0.07;;1.77
2025.11.12 22:00:00;Buy;0.01;XAUUSD;4197.61;0.01;2025.11.12 22:05:00;4197.45;-0.07;;-0.16
2025.11.12 19:45:00;Buy;0.01;XAUUSD;4202.64;0.01;2025.11.12 19:48:00;4203.25;-0.07;;0.61
2025.11.12 19:30:00;Buy;0.01;XAUUSD;4196.45;0.01;2025.11.12 19:31:00;4197.91;-0.07;;1.46
2025.11.12 19:19:00;Buy;0.01;XAUUSD;4193.89;0.01;2025.11.12 19:25:00;4198.17;-0.07;;4.28
2025.11.12 19:18:00;Buy;0.01;XAUUSD;4196.72;0.01;2025.11.12 19:25:00;4198.21;-0.07;;1.49
2025.11.12 19:15:00;Buy;0.01;XAUUSD;4199.18;0.01;2025.11.12 19:25:00;4198.12;-0.07;;-1.06
2025.11.12 19:00:00;Buy;0.01;XAUUSD;4196.78;0.01;2025.11.12 19:01:00;4199.07;-0.07;;2.29
2025.11.11 23:33:00;Buy;0.01;XAUUSD;4127.01;0.01;2025.11.12 01:06:00;4129.99;-0.07;-0.58;2.98
2025.11.11 23:24:00;Buy;0.01;XAUUSD;4129.72;0.01;2025.11.12 01:06:00;4129.99;-0.07;-0.58;0.27
2025.11.11 23:18:00;Buy;0.01;XAUUSD;4130.31;0.01;2025.11.11 23:19:00;4131.12;-0.07;;0.81
2025.11.11 23:12:00;Buy;0.01;XAUUSD;4129.85;0.01;2025.11.11 23:15:00;4130.44;-0.07;;0.59
2025.11.11 23:06:00;Buy;0.01;XAUUSD;4128.64;0.01;2025.11.11 23:08:00;4129.36;-0.07;;0.72
2025.11.11 23:00:00;Buy;0.01;XAUUSD;4129.62;0.01;2025.11.11 23:03:00;4130.22;-0.07;;0.6
2025.11.11 22:54:00;Buy;0.01;XAUUSD;4130.73;0.01;2025.11.11 22:55:00;4131.35;-0.07;;0.62
2025.11.11 22:48:00;Buy;0.01;XAUUSD;4129.23;0.01;2025.11.11 22:49:00;4130.01;-0.07;;0.78
2025.11.11 03:47:00;Buy;0.01;XAUUSD;4133.74;0.01;2025.11.11 03:49:00;4136.08;-0.07;;2.34
2025.11.11 03:45:01;Buy;0.01;XAUUSD;4135.91;0.01;2025.11.11 03:49:00;4136.04;-0.07;;0.13
2025.11.11 03:30:00;Buy;0.01;XAUUSD;4137.45;0.01;2025.11.11 03:31:00;4138.18;-0.07;;0.73
2025.11.11 03:15:00;Buy;0.01;XAUUSD;4132.54;0.01;2025.11.11 03:16:00;4136.14;-0.07;;3.6
2025.11.11 03:00:01;Buy;0.01;XAUUSD;4131.48;0.01;2025.11.11 03:02:00;4133.3;-0.07;;1.8199999999999998
2025.11.10 03:45:00;Buy;0.01;XAUUSD;4051.09;0.01;2025.11.10 03:48:00;4051.67;-0.07;;0.58
2025.11.10 03:31:00;Buy;0.01;XAUUSD;4046.07;0.01;2025.11.10 03:32:00;4048.98;-0.07;;2.91
2025.11.10 03:30:00;Buy;0.01;XAUUSD;4048.08;0.01;2025.11.10 03:32:00;4048.99;-0.07;;0.91
2025.11.07 03:30:00;Buy;0.01;XAUUSD;3997.63;0.01;2025.11.07 03:41:00;3999.75;-0.07;;2.12
2025.11.05 01:05:00;Sell;0.01;XAUUSD;3937.47;0.01;2025.11.05 01:50:00;3932.19;-0.07;;5.28
2025.11.04 23:40:00;Sell;0.01;XAUUSD;3930.9;0.01;2025.11.05 01:50:00;3932.12;-0.07;0.27;-1.22
2025.11.04 23:30:00;Sell;0.01;XAUUSD;3933.96;0.01;2025.11.04 23:35:00;3932.64;-0.07;;1.32
2025.11.04 23:20:00;Sell;0.01;XAUUSD;3934.82;0.01;2025.11.04 23:21:00;3934.23;-0.07;;0.59
2025.10.24 19:35:00;Buy;0.01;XAUUSD;4133.27;0.01;2025.10.24 19:48:01;4131.56;-0.07;;-1.71
2025.10.24 19:41:00;Buy;0.01;XAUUSD;4124.46;0.01;2025.10.24 19:48:00;4131.51;-0.07;;7.05
2025.10.24 19:40:00;Buy;0.01;XAUUSD;4127.4;0.01;2025.10.24 19:48:00;4131.48;-0.07;;4.08
2025.10.24 19:39:00;Buy;0.01;XAUUSD;4130.13;0.01;2025.10.24 19:48:00;4131.48;-0.07;;1.35
2025.10.24 19:34:00;Buy;0.01;XAUUSD;4134.86;0.01;2025.10.24 19:48:00;4131.56;-0.07;;-3.3
2025.10.24 19:30:00;Buy;0.01;XAUUSD;4136.58;0.01;2025.10.24 19:48:00;4131.48;-0.07;;-5.1
2025.10.24 19:18:00;Buy;0.01;XAUUSD;4131.16;0.01;2025.10.24 19:21:00;4133.06;-0.07;;1.9
2025.10.24 19:15:00;Buy;0.01;XAUUSD;4133.22;0.01;2025.10.24 19:21:00;4133.06;-0.07;;-0.16
2025.10.24 19:02:00;Buy;0.01;XAUUSD;4128.77;0.01;2025.10.24 19:07:00;4130.86;-0.07;;2.09
2025.10.24 19:00:00;Buy;0.01;XAUUSD;4130.55;0.01;2025.10.24 19:07:00;4130.89;-0.07;;0.34
2025.10.22 23:25:00;Buy;0.01;XAUUSD;4088.94;0.01;2025.10.22 23:36:00;4100.82;-0.07;;11.88
2025.10.22 23:22:00;Buy;0.01;XAUUSD;4098.26;0.01;2025.10.22 23:36:00;4100.82;-0.07;;2.56
2025.10.22 23:19:00;Buy;0.01;XAUUSD;4101.67;0.01;2025.10.22 23:36:00;4100.82;-0.07;;-0.85
2025.10.22 23:18:00;Buy;0.01;XAUUSD;4103.57;0.01;2025.10.22 23:36:00;4100.82;-0.07;;-2.75
2025.10.22 23:06:00;Buy;0.01;XAUUSD;4103.42;0.01;2025.10.22 23:12:00;4104.73;-0.07;;1.31
2025.10.22 23:02:00;Buy;0.01;XAUUSD;4099.96;0.01;2025.10.22 23:04:00;4102.72;-0.07;;2.76
2025.10.22 23:00:00;Buy;0.01;XAUUSD;4102.47;0.01;2025.10.22 23:04:00;4102.72;-0.07;;0.25
2025.10.22 22:56:00;Buy;0.01;XAUUSD;4100.84;0.01;2025.10.22 22:57:00;4105.57;-0.07;;4.73
2025.10.22 22:55:00;Buy;0.01;XAUUSD;4102.64;0.01;2025.10.22 22:57:00;4105.57;-0.07;;2.93
2025.10.22 22:54:00;Buy;0.01;XAUUSD;4103.83;0.01;2025.10.22 22:57:00;4105.58;-0.07;;1.75
2025.10.22 22:48:00;Buy;0.01;XAUUSD;4102.1;0.01;2025.10.22 22:49:00;4105.31;-0.07;;3.21
2025.10.22 22:42:00;Buy;0.01;XAUUSD;4103.82;0.01;2025.10.22 22:42:03;4104.47;-0.07;;0.65
2025.10.22 22:36:00;Buy;0.01;XAUUSD;4109.19;0.01;2025.10.22 22:37:00;4110.01;-0.07;;0.82
2025.10.22 22:30:00;Buy;0.01;XAUUSD;4105.57;0.01;2025.10.22 22:32:00;4108.57;-0.07;;3
2025.10.22 22:24:00;Buy;0.01;XAUUSD;4097.77;0.01;2025.10.22 22:26:00;4101.15;-0.07;;3.38
2025.10.22 22:18:00;Buy;0.01;XAUUSD;4091.29;0.01;2025.10.22 22:22:00;4093.1;-0.07;;1.81
2025.10.22 22:12:00;Buy;0.01;XAUUSD;4088.25;0.01;2025.10.22 22:13:00;4089.73;-0.07;;1.48
2025.10.22 22:06:00;Buy;0.01;XAUUSD;4085.27;0.01;2025.10.22 22:08:00;4086.52;-0.07;;1.25
2025.10.22 22:00:00;Buy;0.01;XAUUSD;4077.37;0.01;2025.10.22 22:01:00;4078.27;-0.07;;0.9
2025.10.20 23:03:00;Buy;0.01;XAUUSD;4365.73;0.01;2025.10.21 01:06:01;4364.62;-0.07;-0.58;-1.11
2025.10.20 23:02:00;Buy;0.01;XAUUSD;4370.71;0.01;2025.10.21 01:06:01;4364.62;-0.07;-0.58;-6.09
2025.10.20 23:00:01;Buy;0.01;XAUUSD;4379.01;0.01;2025.10.21 01:06:01;4364.61;-0.07;-0.58;-14.4
2025.10.20 23:19:00;Buy;0.01;XAUUSD;4348.12;0.01;2025.10.21 01:06:00;4364.61;-0.07;-0.58;16.49
2025.10.20 23:18:00;Buy;0.01;XAUUSD;4350.7;0.01;2025.10.21 01:06:00;4364.59;-0.07;-0.58;13.89
2025.10.20 23:17:00;Buy;0.01;XAUUSD;4352.96;0.01;2025.10.21 01:06:00;4364.59;-0.07;-0.58;11.63
2025.10.20 23:14:00;Buy;0.01;XAUUSD;4356.18;0.01;2025.10.21 01:06:00;4364.59;-0.07;-0.58;8.41
2025.10.20 23:10:00;Buy;0.01;XAUUSD;4361.65;0.01;2025.10.21 01:06:00;4364.59;-0.07;-0.58;2.94
2025.10.20 23:04:00;Buy;0.01;XAUUSD;4363.39;0.01;2025.10.21 01:06:00;4364.59;-0.07;-0.58;1.2
2025.10.20 22:12:00;Buy;0.01;XAUUSD;4366.25;0.01;2025.10.20 22:20:00;4366.94;-0.07;;0.69
2025.10.20 22:06:00;Buy;0.01;XAUUSD;4363.05;0.01;2025.10.20 22:08:00;4366.03;-0.07;;2.98
2025.10.20 19:45:00;Buy;0.01;XAUUSD;4346.32;0.01;2025.10.20 19:46:00;4346.84;-0.07;;0.52
2025.10.20 19:30:00;Buy;0.01;XAUUSD;4345.22;0.01;2025.10.20 19:32:00;4346.14;-0.07;;0.92
2025.10.20 19:15:00;Buy;0.01;XAUUSD;4346.27;0.01;2025.10.20 19:17:00;4349.47;-0.07;;3.2
2025.10.20 19:03:00;Buy;0.01;XAUUSD;4345.52;0.01;2025.10.20 19:07:00;4350.2;-0.07;;4.68
2025.10.20 19:01:00;Buy;0.01;XAUUSD;4347.19;0.01;2025.10.20 19:07:00;4350.82;-0.07;;3.63
2025.10.20 19:00:00;Buy;0.01;XAUUSD;4349.46;0.01;2025.10.20 19:07:00;4350.82;-0.07;;1.3599999999999999
2025.10.17 03:45:00;Buy;0.01;XAUUSD;4367.39;0.01;2025.10.17 03:46:00;4368.31;-0.07;;0.92
2025.10.17 03:30:00;Buy;0.01;XAUUSD;4358.01;0.01;2025.10.17 03:35:00;4358.53;-0.07;;0.52
2025.10.17 03:15:00;Buy;0.01;XAUUSD;4356.95;0.01;2025.10.17 03:17:00;4358.21;-0.07;;1.26
2025.10.17 03:02:00;Buy;0.01;XAUUSD;4363.97;0.01;2025.10.17 03:04:00;4365.69;-0.07;;1.72
2025.10.17 03:00:00;Buy;0.01;XAUUSD;4365.75;0.01;2025.10.17 03:04:00;4365.73;-0.07;;-0.02
2025.10.16 23:54:00;Buy;0.01;XAUUSD;4328.43;0.01;2025.10.16 23:55:00;4329.25;-0.07;;0.82
2025.10.16 23:48:00;Buy;0.01;XAUUSD;4321.91;0.01;2025.10.16 23:49:00;4324.5;-0.07;;2.59
2025.10.16 19:34:00;Buy;0.01;XAUUSD;4284.25;0.01;2025.10.16 19:47:02;4276.48;-0.07;;-7.77
2025.10.16 19:33:00;Buy;0.01;XAUUSD;4287.22;0.01;2025.10.16 19:47:02;4276.53;-0.07;;-10.69
2025.10.16 19:41:00;Buy;0.01;XAUUSD;4263.18;0.01;2025.10.16 19:47:01;4276.89;-0.07;;13.71
2025.10.16 19:30:00;Buy;0.01;XAUUSD;4290.05;0.01;2025.10.16 19:47:01;4276.89;-0.07;;-13.16
2025.10.16 19:40:00;Buy;0.01;XAUUSD;4265.42;0.01;2025.10.16 19:47:00;4277.15;-0.07;;11.73
2025.10.16 19:39:00;Buy;0.01;XAUUSD;4269.91;0.01;2025.10.16 19:47:00;4277.13;-0.07;;7.22
2025.10.16 19:37:00;Buy;0.01;XAUUSD;4272.32;0.01;2025.10.16 19:47:00;4277.13;-0.07;;4.8100000000000005
2025.10.16 19:35:15;Buy;0.01;XAUUSD;4276.97;0.01;2025.10.16 19:47:00;4277.12;-0.07;;0.15
2025.10.15 03:29:00;Buy;0.01;XAUUSD;4156.46;0.01;2025.10.15 03:40:00;4164.08;-0.07;;7.62
2025.10.15 03:28:00;Buy;0.01;XAUUSD;4159.06;0.01;2025.10.15 03:40:00;4164.21;-0.07;;5.15
2025.10.15 03:25:00;Buy;0.01;XAUUSD;4163.89;0.01;2025.10.15 03:40:00;4164.21;-0.07;;0.32
2025.10.15 03:18:00;Buy;0.01;XAUUSD;4166.93;0.01;2025.10.15 03:40:00;4164.08;-0.07;;-2.85
2025.10.15 03:15:00;Buy;0.01;XAUUSD;4168.76;0.01;2025.10.15 03:40:00;4164.08;-0.07;;-4.68
2025.10.09 23:50:00;Sell;0.01;XAUUSD;3976.42;0.01;2025.10.09 23:51:00;3975.03;-0.07;;1.3900000000000001
2025.10.09 23:05:00;Sell;0.01;XAUUSD;3977.16;0.01;2025.10.09 23:43:00;3973.82;-0.07;;3.34
2025.10.09 23:00:00;Sell;0.01;XAUUSD;3973.25;0.01;2025.10.09 23:43:00;3973.8;-0.07;;-0.55
2025.10.08 03:31:00;Buy;0.01;XAUUSD;3992.95;0.01;2025.10.08 03:51:00;3997.43;-0.07;;4.48
2025.10.08 03:30:00;Buy;0.01;XAUUSD;3998.57;0.01;2025.10.08 03:51:00;3997.36;-0.07;;-1.21
2025.10.08 03:15:00;Buy;0.01;XAUUSD;3996.83;0.01;2025.10.08 03:18:00;3997.34;-0.07;;0.51
2025.10.08 03:00:00;Buy;0.01;XAUUSD;3994.45;0.01;2025.10.08 03:01:00;3995.39;-0.07;;0.94
2025.10.06 03:25:00;Buy;0.01;XAUUSD;3900.42;0.01;2025.10.06 04:09:00;3905.82;-0.07;;5.4
2025.10.06 03:12:00;Buy;0.01;XAUUSD;3902.9;0.01;2025.10.06 04:09:00;3905.82;-0.07;;2.92
2025.10.06 03:07:00;Buy;0.01;XAUUSD;3904.47;0.01;2025.10.06 04:09:00;3905.96;-0.07;;1.49
2025.10.06 03:03:00;Buy;0.01;XAUUSD;3906.18;0.01;2025.10.06 04:09:00;3905.78;-0.07;;-0.4
2025.10.06 03:01:00;Buy;0.01;XAUUSD;3907.83;0.01;2025.10.06 04:09:00;3905.81;-0.07;;-2.02
2025.10.06 03:00:00;Buy;0.01;XAUUSD;3909.92;0.01;2025.10.06 04:09:00;3905.8;-0.07;;-4.12
2025.10.02 23:46:00;Buy;0.01;XAUUSD;3854.8;0.01;2025.10.03 01:07:00;3857.7;-0.07;-0.55;2.9
2025.10.02 23:28:00;Buy;0.01;XAUUSD;3856.32;0.01;2025.10.03 01:07:00;3857.7;-0.07;-0.55;1.38
2025.10.02 23:12:00;Buy;0.01;XAUUSD;3857.9;0.01;2025.10.03 01:07:00;3857.7;-0.07;-0.55;-0.2
2025.10.02 22:57:00;Buy;0.01;XAUUSD;3854.37;0.01;2025.10.02 23:07:00;3857;-0.07;;2.63
2025.10.02 22:54:00;Buy;0.01;XAUUSD;3856.54;0.01;2025.10.02 23:07:00;3857.2;-0.07;;0.66
2025.10.02 22:48:00;Buy;0.01;XAUUSD;3856.25;0.01;2025.10.02 22:50:00;3856.92;-0.07;;0.67
2025.09.30 23:06:00;Buy;0.01;XAUUSD;3851.22;0.01;2025.09.30 23:32:00;3855.41;-0.07;;4.19
2025.09.30 23:04:00;Buy;0.01;XAUUSD;3853.81;0.01;2025.09.30 23:32:00;3855.44;-0.07;;1.63
2025.09.30 23:01:00;Buy;0.01;XAUUSD;3855.76;0.01;2025.09.30 23:32:00;3855.41;-0.07;;-0.35
2025.09.30 23:00:00;Buy;0.01;XAUUSD;3858.89;0.01;2025.09.30 23:32:00;3855.41;-0.07;;-3.48
2025.09.30 22:54:00;Buy;0.01;XAUUSD;3859.47;0.01;2025.09.30 22:56:00;3860.79;-0.07;;1.32
2025.09.30 22:42:00;Buy;0.01;XAUUSD;3855.39;0.01;2025.09.30 22:52:00;3856.94;-0.07;;1.55
2025.09.30 22:36:00;Buy;0.01;XAUUSD;3854.5;0.01;2025.09.30 22:40:00;3855.27;-0.07;;0.77
2025.09.30 22:30:00;Buy;0.01;XAUUSD;3853.49;0.01;2025.09.30 22:31:00;3854.17;-0.07;;0.68
2025.09.26 23:53:00;Buy;0.01;XAUUSD;3761.59;0.01;2025.09.29 03:16:44;3773.42;-0.07;-0.55;11.83
2025.09.26 23:42:00;Buy;0.01;XAUUSD;3763.32;0.01;2025.09.29 03:16:44;3773.42;-0.07;-0.55;10.1
2025.09.26 22:53:00;Buy;0.01;XAUUSD;3765.67;0.01;2025.09.29 03:16:44;3773.42;-0.07;-0.55;7.75
2025.09.26 22:38:00;Buy;0.01;XAUUSD;3768.58;0.01;2025.09.29 03:16:44;3773.42;-0.07;-0.55;4.84
2025.09.26 22:33:00;Buy;0.01;XAUUSD;3770.72;0.01;2025.09.29 03:16:44;3773.42;-0.07;-0.55;2.7
2025.09.26 22:08:00;Buy;0.01;XAUUSD;3773.3;0.01;2025.09.29 03:16:44;3773.42;-0.07;-0.55;0.12
2025.09.26 22:04:00;Buy;0.01;XAUUSD;3775.19;0.01;2025.09.29 03:16:44;3773.42;-0.07;-0.55;-1.77
2025.09.26 22:00:00;Buy;0.01;XAUUSD;3778.62;0.01;2025.09.29 03:16:44;3773.42;-0.07;-0.55;-5.2
2025.09.26 19:08:00;Buy;0.01;XAUUSD;3778.93;0.01;2025.09.26 19:45:01;3777.58;-0.07;;-1.35
2025.09.26 19:22:00;Buy;0.01;XAUUSD;3772.6;0.01;2025.09.26 19:45:00;3777.58;-0.07;;4.98
2025.09.26 19:15:00;Buy;0.01;XAUUSD;3775.32;0.01;2025.09.26 19:45:00;3777.58;-0.07;;2.26
2025.09.26 19:14:00;Buy;0.01;XAUUSD;3777.24;0.01;2025.09.26 19:45:00;3777.59;-0.07;;0.35
2025.09.26 19:00:00;Buy;0.01;XAUUSD;3780.51;0.01;2025.09.26 19:45:00;3777.58;-0.07;;-2.93
2025.09.25 22:12:00;Buy;0.01;XAUUSD;3754.68;0.01;2025.09.25 22:15:00;3755.25;-0.07;;0.57
2025.09.25 22:01:00;Buy;0.01;XAUUSD;3753.11;0.01;2025.09.25 22:04:00;3754.86;-0.07;;1.75
2025.09.25 22:00:00;Buy;0.01;XAUUSD;3755.48;0.01;2025.09.25 22:04:00;3754.85;-0.07;;-0.63
2025.09.24 23:43:00;Sell;0.01;XAUUSD;3736.38;0.01;2025.09.25 04:43:01;3737.9;-0.07;0.78;-1.52
2025.09.24 23:35:00;Sell;0.01;XAUUSD;3733.31;0.01;2025.09.25 04:43:01;3737.9;-0.07;0.78;-4.59
2025.09.25 03:15:00;Sell;0.01;XAUUSD;3749.99;0.01;2025.09.25 04:43:00;3737.79;-0.07;;12.2
2025.09.25 03:05:00;Sell;0.01;XAUUSD;3746.19;0.01;2025.09.25 04:43:00;3737.89;-0.07;;8.3
2025.09.25 01:21:00;Sell;0.01;XAUUSD;3743.01;0.01;2025.09.25 04:43:00;3737.96;-0.07;;5.05
2025.09.25 01:05:00;Sell;0.01;XAUUSD;3739.47;0.01;2025.09.25 04:43:00;3737.96;-0.07;;1.51
2025.09.24 23:00:00;Sell;0.01;XAUUSD;3730.03;0.01;2025.09.25 04:43:00;3737.9;-0.07;0.78;-7.87
2025.09.22 22:29:00;Buy;0.01;XAUUSD;3743.89;0.01;2025.09.22 22:39:00;3746.64;-0.07;;2.75
2025.09.22 22:23:00;Buy;0.01;XAUUSD;3746.01;0.01;2025.09.22 22:39:00;3746.73;-0.07;;0.72
2025.09.22 22:06:00;Buy;0.01;XAUUSD;3747.99;0.01;2025.09.22 22:39:00;3746.37;-0.07;;-1.62
2025.09.22 22:00:00;Buy;0.01;XAUUSD;3747.8;0.01;2025.09.22 22:02:03;3748.36;-0.07;;0.56
2025.09.22 22:00:00;Buy;0.01;XAUUSD;3747.8;0.01;2025.09.22 22:02:00;3748.5;-0.07;;0.7
2025.09.22 03:56:00;Buy;0.01;XAUUSD;3688.01;0.01;2025.09.22 04:00:00;3690.54;-0.07;;2.5300000000000002
2025.09.22 03:45:00;Buy;0.01;XAUUSD;3689.62;0.01;2025.09.22 04:00:00;3690.81;-0.07;;1.19
2025.09.22 03:23:00;Buy;0.01;XAUUSD;3688.98;0.01;2025.09.22 03:33:00;3690.66;-0.07;;1.6800000000000002
2025.09.22 03:15:00;Buy;0.01;XAUUSD;3690.73;0.01;2025.09.22 03:33:00;3690.66;-0.07;;-0.07
2025.09.19 22:35:00;Buy;0.01;XAUUSD;3681.89;0.01;2025.09.19 22:48:00;3683.69;-0.07;;1.8
2025.09.19 22:15:00;Buy;0.01;XAUUSD;3683.67;0.01;2025.09.19 22:48:00;3683.69;-0.07;;0.02
2025.09.19 22:00:00;Buy;0.01;XAUUSD;3683.84;0.01;2025.09.19 22:13:03;3684.45;-0.07;;0.61
2025.09.19 22:00:00;Buy;0.01;XAUUSD;3683.83;0.01;2025.09.19 22:13:00;3684.47;-0.07;;0.64
2025.09.19 02:45:00;Buy;0.01;XAUUSD;3638.24;0.01;2025.09.19 04:05:00;3643.99;-0.07;;5.75
2025.09.19 01:58:00;Buy;0.01;XAUUSD;3639.94;0.01;2025.09.19 04:05:00;3643.96;-0.07;;4.02
2025.09.19 01:50:00;Buy;0.01;XAUUSD;3641.58;0.01;2025.09.19 04:05:00;3643.96;-0.07;;2.38
2025.09.19 01:05:00;Buy;0.01;XAUUSD;3643.25;0.01;2025.09.19 04:05:00;3643.95;-0.07;;0.7
2025.09.18 23:33:00;Buy;0.01;XAUUSD;3644.85;0.01;2025.09.19 04:05:00;3643.97;-0.07;-0.55;-0.88
2025.09.18 23:00:00;Buy;0.01;XAUUSD;3646.83;0.01;2025.09.19 04:05:00;3644.02;-0.07;-0.55;-2.81
2025.09.16 07:05:34;Balance;;;;;;;;;-80.03
2025.09.15 23:01:00;Buy;0.01;XAUUSD;3679.63;0.01;2025.09.15 23:04:00;3681.46;-0.07;;1.83
2025.09.15 22:45:00;Buy;0.01;XAUUSD;3682.19;0.01;2025.09.15 23:04:00;3681.51;-0.07;;-0.68
2025.09.15 22:15:00;Buy;0.01;XAUUSD;3680.21;0.01;2025.09.15 22:35:00;3680.89;-0.07;;0.68
2025.09.15 22:00:00;Buy;0.01;XAUUSD;3677.06;0.01;2025.09.15 22:04:00;3678.02;-0.07;;0.96
2025.09.15 19:46:00;Buy;0.01;XAUUSD;3676.65;0.01;2025.09.15 19:49:00;3678.67;-0.07;;2.02
2025.09.15 19:45:00;Buy;0.01;XAUUSD;3678.96;0.01;2025.09.15 19:49:00;3678.67;-0.07;;-0.29
2025.09.15 19:30:00;Buy;0.01;XAUUSD;3684.39;0.01;2025.09.15 19:34:00;3685.25;-0.07;;0.86
2025.09.15 19:15:00;Buy;0.01;XAUUSD;3681.11;0.01;2025.09.15 19:21:00;3681.79;-0.07;;0.68
2025.09.15 19:00:00;Buy;0.01;XAUUSD;3680.75;0.01;2025.09.15 19:06:02;3680.39;-0.07;;-0.36
2025.09.15 19:01:00;Buy;0.01;XAUUSD;3678.09;0.01;2025.09.15 19:06:00;3680.66;-0.07;;2.57
2025.09.05 19:30:00;Buy;0.01;XAUUSD;3599.78;0.01;2025.09.05 19:50:02;3597.17;-0.07;;-2.61
2025.09.05 19:40:00;Buy;0.01;XAUUSD;3594.09;0.01;2025.09.05 19:50:01;3597.42;-0.07;;3.33
2025.09.05 19:36:00;Buy;0.01;XAUUSD;3596.76;0.01;2025.09.05 19:50:00;3597.42;-0.07;;0.66
2025.09.05 19:15:00;Buy;0.01;XAUUSD;3597.38;0.01;2025.09.05 19:19:00;3597.91;-0.07;;0.53
2025.09.05 19:00:00;Buy;0.01;XAUUSD;3592.2;0.01;2025.09.05 19:03:00;3592.97;-0.07;;0.77
2025.09.03 19:00:00;Buy;0.01;XAUUSD;3563.96;0.01;2025.09.03 19:08:00;3564.89;-0.07;;0.93
2025.09.02 22:54:00;Buy;0.01;XAUUSD;3534.44;0.01;2025.09.03 03:20:01;3534.31;-0.07;-0.55;-0.13
2025.09.02 22:53:00;Buy;0.01;XAUUSD;3538.15;0.01;2025.09.03 03:20:01;3534.32;-0.07;-0.55;-3.83
2025.09.03 02:37:00;Buy;0.01;XAUUSD;3526.84;0.01;2025.09.03 03:20:00;3534.25;-0.07;;7.41
2025.09.03 02:13:00;Buy;0.01;XAUUSD;3528.72;0.01;2025.09.03 03:20:00;3534.18;-0.07;;5.46
2025.09.03 01:37:00;Buy;0.01;XAUUSD;3530.55;0.01;2025.09.03 03:20:00;3534.2;-0.07;;3.65
2025.09.03 01:12:00;Buy;0.01;XAUUSD;3532.67;0.01;2025.09.03 03:20:00;3534.19;-0.07;;1.52
2025.09.02 22:42:00;Buy;0.01;XAUUSD;3539.8;0.01;2025.09.03 03:20:00;3534.29;-0.07;-0.55;-5.51
2025.09.02 22:36:00;Buy;0.01;XAUUSD;3538.3;0.01;2025.09.02 22:37:00;3539.09;-0.07;;0.79
2025.09.02 22:30:00;Buy;0.01;XAUUSD;3536.54;0.01;2025.09.02 22:32:02;3537.55;-0.07;;1.01
2025.09.02 22:30:00;Buy;0.01;XAUUSD;3536.55;0.01;2025.09.02 22:32:00;3537.55;-0.07;;1
2025.09.02 22:15:00;Buy;0.01;XAUUSD;3535.9;0.01;2025.09.02 22:17:00;3536.57;-0.07;;0.67
2025.09.02 22:00:00;Buy;0.01;XAUUSD;3528.58;0.01;2025.09.02 22:01:00;3529.14;-0.07;;0.56
2025.09.02 19:45:00;Buy;0.01;XAUUSD;3526.19;0.01;2025.09.02 19:51:00;3527.8;-0.07;;1.6099999999999999
2025.09.02 19:30:00;Buy;0.01;XAUUSD;3525.08;0.01;2025.09.02 19:33:00;3525.85;-0.07;;0.77
2025.09.02 19:21:00;Buy;0.01;XAUUSD;3521.15;0.01;2025.09.02 19:27:00;3524.69;-0.07;;3.54
2025.09.02 19:17:00;Buy;0.01;XAUUSD;3522.98;0.01;2025.09.02 19:27:00;3524.69;-0.07;;1.71
2025.09.02 19:16:00;Buy;0.01;XAUUSD;3524.54;0.01;2025.09.02 19:27:00;3524.71;-0.07;;0.17
2025.09.02 19:15:00;Buy;0.01;XAUUSD;3526.39;0.01;2025.09.02 19:27:00;3524.69;-0.07;;-1.7
2025.08.29 22:30:00;Buy;0.01;XAUUSD;3444.29;0.01;2025.08.29 22:34:00;3445.17;-0.07;;0.88
2025.08.29 22:15:00;Buy;0.01;XAUUSD;3444.14;0.01;2025.08.29 22:17:00;3444.63;-0.07;;0.49
2025.08.29 22:00:00;Buy;0.01;XAUUSD;3442.97;0.01;2025.08.29 22:06:00;3443.75;-0.07;;0.78
2025.08.29 19:45:00;Buy;0.01;XAUUSD;3447.12;0.01;2025.08.29 19:52:00;3447.89;-0.07;;0.77
2025.08.29 19:30:00;Buy;0.01;XAUUSD;3445.9;0.01;2025.08.29 19:31:00;3446.46;-0.07;;0.56
2025.08.29 19:20:00;Buy;0.01;XAUUSD;3442.76;0.01;2025.08.29 19:21:00;3444.94;-0.07;;2.18
2025.08.29 19:15:00;Buy;0.01;XAUUSD;3444.31;0.01;2025.08.29 19:21:00;3444.94;-0.07;;0.63
2025.08.29 19:00:00;Buy;0.01;XAUUSD;3445.52;0.01;2025.08.29 19:01:00;3446.05;-0.07;;0.53
2025.08.28 22:30:00;Buy;0.01;XAUUSD;3419.5;0.01;2025.08.28 22:47:00;3420.17;-0.07;;0.67
2025.08.27 22:00:00;Buy;0.01;XAUUSD;3394.53;0.01;2025.08.27 22:05:00;3395.38;-0.07;;0.85
2025.08.27 01:16:00;Buy;0.01;XAUUSD;3388.99;0.01;2025.08.27 01:34:00;3391.59;-0.07;;2.6
2025.08.27 01:05:00;Buy;0.01;XAUUSD;3390.73;0.01;2025.08.27 01:34:00;3391.59;-0.07;;0.86
2025.08.26 23:54:00;Buy;0.01;XAUUSD;3393.03;0.01;2025.08.27 01:34:00;3391.59;-0.07;-0.55;-1.44
2025.08.26 23:48:00;Buy;0.01;XAUUSD;3391.45;0.01;2025.08.26 23:53:00;3393.18;-0.07;;1.73
2025.08.26 23:30:00;Buy;0.01;XAUUSD;3390.49;0.01;2025.08.26 23:44:00;3391.11;-0.07;;0.62
2025.08.26 22:54:00;Buy;0.01;XAUUSD;3390.02;0.01;2025.08.26 23:07:00;3390.54;-0.07;;0.52
2025.08.26 22:45:00;Buy;0.01;XAUUSD;3389.07;0.01;2025.08.26 22:48:00;3389.87;-0.07;;0.8
2025.08.26 22:30:00;Buy;0.01;XAUUSD;3388.58;0.01;2025.08.26 22:43:02;3389.32;-0.07;;0.74
2025.08.26 22:30:00;Buy;0.01;XAUUSD;3388.58;0.01;2025.08.26 22:43:00;3389.32;-0.07;;0.74
2025.08.22 22:25:00;Buy;0.01;XAUUSD;3369.71;0.01;2025.08.22 22:54:00;3371.96;-0.07;;2.25
2025.08.22 22:11:00;Buy;0.01;XAUUSD;3371.39;0.01;2025.08.22 22:54:00;3371.93;-0.07;;0.54
2025.08.22 22:00:00;Buy;0.01;XAUUSD;3372.98;0.01;2025.08.22 22:54:00;3371.9;-0.07;;-1.08
2025.08.22 19:54:00;Buy;0.01;XAUUSD;3369.44;0.01;2025.08.22 20:01:00;3371.49;-0.07;;2.05
2025.08.22 19:45:00;Buy;0.01;XAUUSD;3370.97;0.01;2025.08.22 20:01:00;3371.48;-0.07;;0.51
2025.08.22 19:30:00;Buy;0.01;XAUUSD;3369.07;0.01;2025.08.22 19:31:00;3370.56;-0.07;;1.49
2025.08.22 19:15:00;Buy;0.01;XAUUSD;3371.64;0.01;2025.08.22 19:17:00;3372.69;-0.07;;1.05
2025.08.22 19:00:00;Buy;0.01;XAUUSD;3368.05;0.01;2025.08.22 19:01:00;3369.53;-0.07;;1.48
2025.08.20 23:36:00;Buy;0.01;XAUUSD;3348.76;0.01;2025.08.21 01:06:00;3351.81;-0.07;-1.6600000000000001;3.05
2025.08.20 22:54:00;Buy;0.01;XAUUSD;3348.72;0.01;2025.08.20 23:31:00;3349.24;-0.07;;0.52
2025.08.20 19:45:00;Buy;0.01;XAUUSD;3345.74;0.01;2025.08.20 20:50:00;3346.42;-0.07;;0.68
2025.08.20 19:30:00;Buy;0.01;XAUUSD;3343.89;0.01;2025.08.20 19:33:00;3344.43;-0.07;;0.54
2025.08.20 19:15:00;Buy;0.01;XAUUSD;3343.41;0.01;2025.08.20 19:17:00;3344.59;-0.07;;1.18
2025.08.20 19:00:00;Buy;0.01;XAUUSD;3340.85;0.01;2025.08.20 19:01:00;3341.47;-0.07;;0.62
2025.08.14 03:45:00;Buy;0.01;XAUUSD;3371.25;0.01;2025.08.14 03:46:00;3371.79;-0.07;;0.54
2025.08.12 17:45:00;Sell;0.01;XAUUSD;3336.02;0.01;2025.08.12 17:47:28;3334.22;-0.07;;1.8
2025.08.11 04:10:47;Sell;0.01;XAUUSD;3369.89;0.01;2025.08.11 04:11:07;3368.61;-0.07;;1.28
2025.08.05 18:46:01;Buy;0.02;XAUUSD;3387.96;0.02;2025.08.05 18:47:05;3388.55;-0.14;;1.18
2025.08.05 17:24:55;Buy;0.02;XAUUSD;3382.14;0.02;2025.08.05 17:40:08;3383.53;-0.14;;2.7800000000000002
2025.08.01 23:48:00;Buy;0.01;XAUUSD;3362.67;0.01;2025.08.04 01:07:00;3363.42;-0.07;-0.55;0.75
2025.08.01 23:36:00;Buy;0.01;XAUUSD;3361.97;0.01;2025.08.01 23:45:00;3362.47;-0.07;;0.5
2025.08.01 23:18:00;Buy;0.01;XAUUSD;3360.57;0.01;2025.08.01 23:33:00;3361.45;-0.07;;0.88
2025.08.01 19:21:00;Buy;0.01;XAUUSD;3342.33;0.01;2025.08.01 19:57:00;3347.73;-0.07;;5.4
2025.08.01 19:18:00;Buy;0.01;XAUUSD;3344.7;0.01;2025.08.01 19:57:00;3347.73;-0.07;;3.03
2025.08.01 19:05:00;Buy;0.01;XAUUSD;3346.32;0.01;2025.08.01 19:57:00;3347.71;-0.07;;1.3900000000000001
2025.08.01 19:00:00;Buy;0.01;XAUUSD;3348.7;0.01;2025.08.01 19:57:00;3347.79;-0.07;;-0.91
2025.07.30 23:01:00;Sell;0.01;XAUUSD;3272.88;0.01;2025.07.30 23:28:00;3269.98;-0.07;;2.9
2025.07.30 23:00:00;Sell;0.01;XAUUSD;3269.3;0.01;2025.07.30 23:28:00;3270.01;-0.07;;-0.71
2025.07.25 22:48:00;Buy;0.01;XAUUSD;3338.07;0.01;2025.07.25 22:55:00;3338.78;-0.07;;0.71
2025.07.23 23:30:00;Sell;0.01;XAUUSD;3388.25;0.01;2025.07.23 23:58:00;3386.96;-0.07;;1.29
2025.07.22 23:38:00;Buy;0.01;XAUUSD;3428.99;0.01;2025.07.23 02:12:00;3431.22;-0.07;-0.55;2.23
2025.07.22 23:15:00;Buy;0.01;XAUUSD;3430.54;0.01;2025.07.23 02:12:00;3431.22;-0.07;-0.55;0.68
2025.07.22 22:48:00;Buy;0.01;XAUUSD;3432.39;0.01;2025.07.23 02:12:00;3431.26;-0.07;-0.55;-1.13
2025.07.22 22:00:00;Buy;0.01;XAUUSD;3429.77;0.01;2025.07.22 22:16:00;3430.42;-0.07;;0.65
2025.07.22 19:45:00;Buy;0.01;XAUUSD;3429.57;0.01;2025.07.22 19:49:00;3430.44;-0.07;;0.87
2025.07.22 19:30:00;Buy;0.01;XAUUSD;3427.39;0.01;2025.07.22 19:30:06;3428.2;-0.07;;0.81
2025.07.22 19:15:00;Buy;0.01;XAUUSD;3429.42;0.01;2025.07.22 19:29:00;3430.16;-0.07;;0.74
2025.07.22 19:00:00;Buy;0.01;XAUUSD;3426.76;0.01;2025.07.22 19:08:00;3428.02;-0.07;;1.26
2025.07.21 20:17:00;Buy;0.01;XAUUSD;3392.84;0.01;2025.07.21 21:09:00;3395.09;-0.07;;2.25
2025.07.21 19:57:00;Buy;0.01;XAUUSD;3394.35;0.01;2025.07.21 21:09:00;3395.1;-0.07;;0.75
2025.07.21 19:45:00;Buy;0.01;XAUUSD;3396;0.01;2025.07.21 21:09:00;3395.09;-0.07;;-0.91
2025.07.21 19:15:00;Buy;0.01;XAUUSD;3398.03;0.01;2025.07.21 19:36:00;3398.7;-0.07;;0.67
2025.07.21 19:00:00;Buy;0.01;XAUUSD;3398.13;0.01;2025.07.21 19:12:00;3398.76;-0.07;;0.63
2025.07.17 23:52:00;Buy;0.01;XAUUSD;3337.65;0.01;2025.07.18 01:06:00;3340.48;-0.07;-0.55;2.83
2025.07.17 23:34:00;Buy;0.01;XAUUSD;3339.08;0.01;2025.07.18 01:06:00;3340.35;-0.07;-0.55;1.27
2025.07.17 22:45:00;Buy;0.01;XAUUSD;3340.59;0.01;2025.07.18 01:06:00;3340.48;-0.07;-0.55;-0.11
2025.07.17 22:30:00;Buy;0.01;XAUUSD;3339.77;0.01;2025.07.17 22:35:00;3340.39;-0.07;;0.62
2025.07.17 22:15:00;Buy;0.01;XAUUSD;3339.61;0.01;2025.07.17 22:26:00;3340.19;-0.07;;0.58
2025.07.15 23:10:00;Sell;0.01;XAUUSD;3330.33;0.01;2025.07.15 23:17:00;3329.49;-0.07;;0.84
2025.07.14 04:09:00;Buy;0.01;XAUUSD;3364.34;0.01;2025.07.14 09:49:02;3364.03;-0.07;;-0.31
2025.07.14 05:36:00;Buy;0.01;XAUUSD;3355.12;0.01;2025.07.14 09:49:01;3364.06;-0.07;;8.94
2025.07.14 04:06:00;Buy;0.01;XAUUSD;3366.53;0.01;2025.07.14 09:49:01;3364.03;-0.07;;-2.5
2025.07.14 03:51:00;Buy;0.01;XAUUSD;3368.11;0.01;2025.07.14 09:49:01;3364.03;-0.07;;-4.08
2025.07.14 03:48:00;Buy;0.01;XAUUSD;3370.31;0.01;2025.07.14 09:49:01;3364.03;-0.07;;-6.28
2025.07.14 03:45:00;Buy;0.01;XAUUSD;3372.22;0.01;2025.07.14 09:49:01;3364.04;-0.07;;-8.18
2025.07.14 05:02:00;Buy;0.01;XAUUSD;3356.59;0.01;2025.07.14 09:49:00;3364.06;-0.07;;7.47
2025.07.14 04:46:00;Buy;0.01;XAUUSD;3358.59;0.01;2025.07.14 09:49:00;3364.06;-0.07;;5.47
2025.07.14 04:31:00;Buy;0.01;XAUUSD;3360.31;0.01;2025.07.14 09:49:00;3364.03;-0.07;;3.7199999999999998
2025.07.14 04:11:00;Buy;0.01;XAUUSD;3362.03;0.01;2025.07.14 09:49:00;3364.03;-0.07;;2
2025.07.11 04:11:00;Buy;0.01;XAUUSD;3326.59;0.01;2025.07.11 05:18:00;3332.13;-0.07;;5.54
2025.07.11 04:03:00;Buy;0.01;XAUUSD;3328.72;0.01;2025.07.11 05:18:00;3332.13;-0.07;;3.41
2025.07.11 04:00:00;Buy;0.01;XAUUSD;3330.69;0.01;2025.07.11 05:18:00;3332.13;-0.07;;1.44
2025.07.11 03:48:00;Buy;0.01;XAUUSD;3333.48;0.01;2025.07.11 05:18:00;3332.13;-0.07;;-1.35
2025.07.11 03:45:00;Buy;0.01;XAUUSD;3336.1;0.01;2025.07.11 05:18:00;3332.13;-0.07;;-3.9699999999999998
2025.07.09 22:56:00;Buy;0.01;XAUUSD;3314.3;0.01;2025.07.09 22:59:00;3315.76;-0.07;;1.46
2025.07.09 22:45:00;Buy;0.01;XAUUSD;3316.06;0.01;2025.07.09 22:59:00;3315.63;-0.07;;-0.43
2025.07.09 22:29:00;Buy;0.01;XAUUSD;3314.56;0.01;2025.07.09 22:37:00;3316.43;-0.07;;1.87
2025.07.09 22:15:00;Buy;0.01;XAUUSD;3316.29;0.01;2025.07.09 22:37:00;3316.43;-0.07;;0.14
2025.07.07 22:59:00;Buy;0.01;XAUUSD;3336.89;0.01;2025.07.08 01:06:00;3342.64;-0.07;-0.55;5.75
2025.07.07 22:51:00;Buy;0.01;XAUUSD;3338.64;0.01;2025.07.08 01:06:00;3342.64;-0.07;-0.55;4
2025.07.07 22:45:10;Buy;0.01;XAUUSD;3340.17;0.01;2025.07.08 01:06:00;3342.64;-0.07;-0.55;2.4699999999999998
2025.07.07 22:30:00;Buy;0.01;XAUUSD;3338.53;0.01;2025.07.07 22:34:00;3339.04;-0.07;;0.51
2025.07.07 22:15:00;Buy;0.01;XAUUSD;3338.15;0.01;2025.07.07 22:28:00;3338.82;-0.07;;0.67
2025.07.07 22:00:00;Buy;0.01;XAUUSD;3334.47;0.01;2025.07.07 22:01:00;3335.37;-0.07;;0.9
2025.07.07 05:49:14;Sell;0.01;XAUUSD;3306.74;0.01;2025.07.07 10:46:10;3305;-0.07;;1.74
2025.07.03 15:37:15;Sell;0.01;XAUUSD;3326.2;0.01;2025.07.03 15:38:07;3323.81;-0.07;;2.39
2025.07.02 23:45:00;Buy;0.01;XAUUSD;3356;0.01;2025.07.03 01:09:00;3359.34;-0.07;-1.6600000000000001;3.34
2025.07.02 23:42:00;Buy;0.01;XAUUSD;3357.5;0.01;2025.07.03 01:09:00;3359.34;-0.07;-1.6600000000000001;1.8399999999999999
2025.07.02 23:12:00;Buy;0.01;XAUUSD;3359.16;0.01;2025.07.03 01:09:00;3359.34;-0.07;-1.6600000000000001;0.18
2025.07.02 23:00:00;Buy;0.01;XAUUSD;3358.52;0.01;2025.07.02 23:08:00;3359.43;-0.07;;0.91
2025.07.02 22:54:00;Buy;0.01;XAUUSD;3357.71;0.01;2025.07.02 22:57:00;3358.69;-0.07;;0.98
2025.07.02 22:06:00;Buy;0.01;XAUUSD;3356.51;0.01;2025.07.02 22:53:00;3357.52;-0.07;;1.01
2025.07.02 22:00:00;Buy;0.01;XAUUSD;3355.07;0.01;2025.07.02 22:04:00;3355.82;-0.07;;0.75
2025.06.30 23:48:00;Buy;0.01;XAUUSD;3303.7;0.01;2025.07.01 01:26:00;3306.73;-0.07;-0.55;3.03
2025.06.30 23:35:00;Buy;0.01;XAUUSD;3305.24;0.01;2025.07.01 01:26:00;3306.73;-0.07;-0.55;1.49
2025.06.30 23:30:00;Buy;0.01;XAUUSD;3306.98;0.01;2025.07.01 01:26:00;3306.73;-0.07;-0.55;-0.25
2025.06.30 23:00:00;Buy;0.01;XAUUSD;3308.82;0.01;2025.07.01 01:26:00;3306.73;-0.07;-0.55;-2.09
2025.06.30 22:54:00;Buy;0.01;XAUUSD;3306.84;0.01;2025.06.30 22:55:00;3307.65;-0.07;;0.81
2025.06.30 22:45:00;Buy;0.01;XAUUSD;3306.09;0.01;2025.06.30 22:52:00;3307.47;-0.07;;1.38
2025.06.30 22:36:00;Buy;0.01;XAUUSD;3307.72;0.01;2025.06.30 22:52:00;3307.47;-0.07;;-0.25
2025.06.30 22:30:00;Buy;0.01;XAUUSD;3306.33;0.01;2025.06.30 22:33:02;3306.85;-0.07;;0.52
2025.06.30 22:30:00;Buy;0.01;XAUUSD;3306.17;0.01;2025.06.30 22:33:00;3306.82;-0.07;;0.65
2025.06.30 22:24:00;Buy;0.01;XAUUSD;3305.4;0.01;2025.06.30 22:28:00;3306.89;-0.07;;1.49
2025.06.30 22:18:00;Buy;0.01;XAUUSD;3304.21;0.01;2025.06.30 22:19:00;3306.37;-0.07;;2.16
2025.06.30 22:15:00;Buy;0.01;XAUUSD;3303.3;0.01;2025.06.30 22:17:00;3303.89;-0.07;;0.59
2025.06.30 05:01:29;Buy;0.01;XAUUSD;3278.4;0.01;2025.06.30 05:03:58;3279.88;-0.07;;1.48
2025.06.30 01:27:54;Sell;0.01;XAUUSD;3250.46;0.01;2025.06.30 01:28:49;3248.05;-0.07;;2.41
2025.06.27 16:24:01;Sell;0.01;XAUUSD;3258.47;0.01;2025.06.27 16:30:05;3257;-0.07;;1.47
2025.06.27 08:40:47;Sell;0.01;XAUUSD;3300.16;0.01;2025.06.27 09:01:00;3295.41;-0.07;;4.75
2025.06.27 08:40:47;Sell;0.01;XAUUSD;3300.06;0.01;2025.06.27 09:01:00;3295.41;-0.07;;4.65
2025.06.27 07:01:36;Sell;0.01;XAUUSD;3291.13;0.01;2025.06.27 09:01:00;3295.41;-0.07;;-4.28
2025.06.25 03:00:00;Buy;0.01;XAUUSD;3324.44;0.01;2025.06.25 03:01:00;3325.08;-0.07;;0.64
2025.06.24 23:41:00;Buy;0.01;XAUUSD;3321.93;0.01;2025.06.24 23:47:00;3323.55;-0.07;;1.62
2025.06.24 22:48:00;Buy;0.01;XAUUSD;3323.96;0.01;2025.06.24 23:47:00;3323.55;-0.07;;-0.41
2025.06.24 09:12:37;Sell;0.01;XAUUSD;3325.89;0.01;2025.06.24 09:25:00;3324.06;-0.07;;1.83
2025.06.20 22:41:00;Buy;0.01;XAUUSD;3366.62;0.01;2025.06.20 23:50:00;3368.99;-0.07;;2.37
2025.06.20 22:35:00;Buy;0.01;XAUUSD;3368.33;0.01;2025.06.20 23:50:00;3368.99;-0.07;;0.66
2025.06.20 22:15:00;Buy;0.01;XAUUSD;3370.47;0.01;2025.06.20 23:50:00;3368.99;-0.07;;-1.48
2025.06.20 19:49:00;Buy;0.01;XAUUSD;3371.68;0.01;2025.06.20 22:10:01;3370.09;-0.07;;-1.5899999999999999
2025.06.20 19:45:00;Buy;0.01;XAUUSD;3373.21;0.01;2025.06.20 22:10:01;3370.07;-0.07;;-3.14
2025.06.20 21:19:00;Buy;0.01;XAUUSD;3365.07;0.01;2025.06.20 22:10:00;3370.07;-0.07;;5
2025.06.20 20:57:00;Buy;0.01;XAUUSD;3366.88;0.01;2025.06.20 22:10:00;3370.07;-0.07;;3.19
2025.06.20 20:35:00;Buy;0.01;XAUUSD;3368.48;0.01;2025.06.20 22:10:00;3370.07;-0.07;;1.5899999999999999
2025.06.20 20:30:00;Buy;0.01;XAUUSD;3370.01;0.01;2025.06.20 22:10:00;3370.07;-0.07;;0.06
2025.06.20 19:30:00;Buy;0.01;XAUUSD;3369.68;0.01;2025.06.20 19:35:00;3370.82;-0.07;;1.1400000000000001
2025.06.20 06:45:00;Sell;0.01;XAUUSD;3354.66;0.01;2025.06.20 08:14:33;3352.83;-0.07;;1.83
2025.06.19 11:18:15;Buy;0.01;XAUUSD;3364.02;0.01;2025.06.19 11:25:34;3367.28;-0.07;;3.26
2025.06.19 10:09:06;Sell;0.01;XAUUSD;3358.65;0.01;2025.06.19 10:18:43;3354.93;-0.07;;3.7199999999999998
2025.06.19 10:09:02;Sell;0.01;XAUUSD;3358.65;0.01;2025.06.19 10:18:43;3354.93;-0.07;;3.7199999999999998
2025.06.19 09:26:28;Sell;0.01;XAUUSD;3349.64;0.01;2025.06.19 10:18:43;3354.93;-0.07;;-5.29
2025.06.16 23:10:00;Sell;0.01;XAUUSD;3384.33;0.01;2025.06.16 23:51:00;3383.77;-0.07;;0.56
2025.06.16 09:27:09;Sell;0.01;XAUUSD;3414.06;0.01;2025.06.16 10:12:14;3412.48;-0.07;;1.58
2025.06.13 09:47:50;Sell;0.01;XAUUSD;3412.18;0.01;2025.06.13 09:48:56;3410.54;-0.07;;1.6400000000000001
2025.06.13 07:15:00;Sell;0.01;XAUUSD;3427.93;0.01;2025.06.13 07:35:52;3426.23;-0.07;;1.7
2025.06.13 06:00:00;Sell;0.01;XAUUSD;3441.29;0.01;2025.06.13 06:06:34;3439.69;-0.07;;1.6
2025.06.13 04:44:02;Sell;0.01;XAUUSD;3429.39;0.01;2025.06.13 04:53:04;3427.66;-0.07;;1.73
2025.06.12 10:40:00;Buy;0.01;XAUUSD;3353.23;0.01;2025.06.12 10:44:04;3339.43;-0.07;;-13.8
2025.06.12 10:35:17;Buy;0.01;XAUUSD;3360.35;0.01;2025.06.12 10:44:04;3339.43;-0.07;;-20.92
2025.06.11 12:07:41;Buy;0.01;XAUUSD;3334.56;0.01;2025.06.11 12:09:06;3337.47;-0.07;;2.91
2025.06.11 09:25:54;Buy;0.01;XAUUSD;3334.67;0.01;2025.06.11 09:39:08;3336.18;-0.07;;1.51
2025.06.10 17:19:38;Buy;0.01;XAUUSD;3332.31;0.01;2025.06.10 17:21:35;3334.16;-0.07;;1.85
2025.06.10 11:14:17;Sell;0.01;XAUUSD;3332.48;0.01;2025.06.10 11:17:02;3334.63;-0.07;;-2.15
2025.06.10 10:29:39;Sell;0.01;XAUUSD;3327.03;0.01;2025.06.10 11:17:02;3334.63;-0.07;;-7.6
2025.06.10 08:50:06;Sell;0.01;XAUUSD;3316.67;0.01;2025.06.10 11:17:02;3334.63;-0.07;;-17.96
2025.06.10 08:32:24;Sell;0.01;XAUUSD;3314.59;0.01;2025.06.10 11:17:02;3334.63;-0.07;;-20.04
2025.06.10 09:32:05;Sell;0.01;XAUUSD;3328.24;0.01;2025.06.10 10:00:01;3326.77;-0.07;;1.47
2025.06.10 09:36:39;Sell;0.01;XAUUSD;3330.3;0.01;2025.06.10 09:40:14;3328.48;-0.07;;1.8199999999999998
2025.06.10 09:18:09;Sell;0.01;XAUUSD;3323.82;0.01;2025.06.10 09:28:35;3322.7;-0.07;;1.12
2025.06.10 08:35:00;Sell;0.01;XAUUSD;3317.16;0.01;2025.06.10 08:42:15;3314.74;-0.07;;2.42
2025.06.09 09:50:38;Sell;0.01;XAUUSD;3322.15;0.01;2025.06.09 11:59:56;3320.09;-0.07;;2.06
2025.06.09 09:24:28;Sell;0.01;XAUUSD;3319.7;0.01;2025.06.09 11:59:56;3320.08;-0.07;;-0.38
2025.06.09 10:41:40;Sell;0.01;XAUUSD;3324.72;0.01;2025.06.09 11:16:10;3323.5;-0.07;;1.22
2025.06.09 10:23:20;Sell;0.01;XAUUSD;3326.77;0.01;2025.06.09 10:31:42;3323.76;-0.07;;3.01
2025.06.06 11:27:26;Sell;0.01;XAUUSD;3363.78;0.01;2025.06.06 12:07:28;3362.17;-0.07;;1.6099999999999999
2025.06.06 11:43:38;Sell;0.01;XAUUSD;3366.37;0.01;2025.06.06 12:06:54;3364.61;-0.07;;1.76
2025.06.04 15:45:28;Buy;0.01;XAUUSD;3355.7;0.01;2025.06.04 15:46:38;3357.84;-0.07;;2.14
2025.06.04 13:25:46;Buy;0.01;XAUUSD;3358.37;0.01;2025.06.04 15:46:38;3357.83;-0.07;;-0.54
2025.06.04 13:42:12;Buy;0.01;XAUUSD;3354.92;0.01;2025.06.04 15:45:27;3356;-0.07;;1.08
2025.06.04 10:05:02;Sell;0.01;XAUUSD;3359.39;0.01;2025.06.04 10:53:00;3357.83;-0.07;;1.56
2025.06.04 09:38:33;Sell;0.01;XAUUSD;3357.37;0.01;2025.06.04 10:53:00;3357.79;-0.07;;-0.42
2025.06.04 10:33:05;Sell;0.01;XAUUSD;3363.47;0.01;2025.06.04 10:42:17;3360.42;-0.07;;3.05
2025.05.23 08:57:01;Buy;0.01;XAUUSD;3325.35;0.01;2025.05.23 09:02:12;3327.08;-0.07;;1.73
2025.05.21 06:48:05;Buy;0.01;XAUUSD;3307.84;0.01;2025.05.21 06:53:52;3308.58;-0.07;;0.74
2025.05.19 11:47:27;Buy;0.01;XAUUSD;3239.55;0.01;2025.05.19 11:53:48;3241.56;-0.07;;2.01
2025.05.15 11:42:21;Buy;0.01;XAUUSD;3158.9;0.01;2025.05.15 11:53:12;3161.71;-0.07;;2.81
2025.05.15 08:37:43;Buy;0.01;XAUUSD;3137.61;0.01;2025.05.15 08:52:47;3134.58;-0.07;;-3.03
2025.05.15 05:41:36;Sell;0.01;XAUUSD;3155.13;0.01;2025.05.15 05:46:37;3153.08;-0.07;;2.05
2025.05.13 08:12:29;Buy;0.01;XAUUSD;3256.41;0.01;2025.05.13 08:13:33;3257.89;-0.07;;1.48
2025.05.12 16:05:27;Buy;0.01;XAUUSD;3240.08;0.01;2025.05.12 16:06:01;3241.13;-0.07;;1.05
2025.05.12 14:30:00;Buy;0.01;XAUUSD;3221.39;0.01;2025.05.12 14:51:01;3222.92;-0.07;;1.53
2025.05.12 13:15:39;Buy;0.01;XAUUSD;3213.08;0.01;2025.05.12 13:19:07;3216.64;-0.07;;3.56
2025.05.12 13:15:39;Buy;0.01;XAUUSD;3213.16;0.01;2025.05.12 13:18:59;3216.64;-0.07;;3.48
2025.05.12 12:45:00;Buy;0.01;XAUUSD;3222.17;0.01;2025.05.12 13:18:59;3216.64;-0.07;;-5.53
2025.05.12 11:23:03;Buy;0.01;XAUUSD;3224.36;0.01;2025.05.12 11:25:48;3225.89;-0.07;;1.53
2025.05.12 10:03:54;Sell;0.01;XAUUSD;3257.52;0.01;2025.05.12 10:04:20;3255.55;-0.07;;1.97
2025.05.12 05:30:00;Buy;0.01;XAUUSD;3276.25;0.01;2025.05.12 06:21:00;3278.23;-0.07;;1.98
2025.05.12 04:15:00;Buy;0.01;XAUUSD;3262.16;0.01;2025.05.12 04:17:24;3264.85;-0.07;;2.69
2025.05.12 03:00:00;Buy;0.01;XAUUSD;3287.88;0.01;2025.05.12 03:00:53;3289.56;-0.07;;1.6800000000000002
2025.05.12 01:45:00;Buy;0.01;XAUUSD;3271.91;0.01;2025.05.12 01:48:16;3273.55;-0.07;;1.6400000000000001
2025.05.09 07:55:53;Buy;0.01;XAUUSD;3323;0.01;2025.05.09 07:56:48;3325.03;-0.07;;2.03
2025.05.08 20:15:00;Buy;0.01;XAUUSD;3303.58;0.01;2025.05.08 20:15:29;3305.33;-0.07;;1.75
2025.05.08 05:00:59;Buy;0.01;XAUUSD;3411.17;0.01;2025.05.08 05:01:51;3413.26;-0.07;;2.09
2025.05.07 04:49:45;Buy;0.01;XAUUSD;3372.32;0.01;2025.05.07 04:56:50;3375.83;-0.07;;3.51
2025.05.06 05:30:19;Sell;0.01;XAUUSD;3380.61;0.01;2025.05.06 05:31:21;3379.36;-0.07;;1.25
2025.05.01 05:15:00;Buy;0.01;XAUUSD;3240.67;0.01;2025.05.01 05:15:21;3242.66;-0.07;;1.99
2025.05.01 04:06:57;Buy;0.01;XAUUSD;3237.01;0.01;2025.05.01 04:08:19;3242.42;-0.07;;5.41
2025.05.01 04:06:57;Buy;0.01;XAUUSD;3237.73;0.01;2025.05.01 04:08:10;3241.61;-0.07;;3.88
2025.05.01 04:00:00;Buy;0.01;XAUUSD;3246.76;0.01;2025.05.01 04:08:10;3241.61;-0.07;;-5.15
2025.04.22 11:48:24;Sell;0.01;XAUUSD;3449.18;0.01;2025.04.22 11:54:51;3447.11;-0.07;;2.07
2025.04.22 09:32:57;Sell;0.01;XAUUSD;3482.46;0.01;2025.04.22 09:33:14;3480.76;-0.07;;1.7
2025.04.16 10:49:25;Buy;0.01;XAUUSD;3299.17;0.01;2025.04.16 11:03:01;3301.75;-0.07;;2.58
2025.04.16 08:19:12;Buy;0.01;XAUUSD;3289;0.01;2025.04.16 08:35:00;3290.63;-0.07;;1.63
2025.04.16 07:00:00;Buy;0.01;XAUUSD;3281.7;0.01;2025.04.16 07:02:48;3283.14;-0.07;;1.44
2025.04.16 05:30:00;Sell;0.01;XAUUSD;3271.69;0.01;2025.04.16 05:44:36;3269.61;-0.07;;2.08
2025.04.16 04:15:00;Sell;0.01;XAUUSD;3269.8;0.01;2025.04.16 04:19:08;3268.49;-0.07;;1.31
2025.04.16 03:02:13;Buy;0.01;XAUUSD;3258.43;0.01;2025.04.16 03:02:35;3259.76;-0.07;;1.33
2025.04.14 16:10:30;Sell;0.01;XAUUSD;3198.94;0.01;2025.04.14 16:13:48;3196.74;-0.07;;2.2
2025.04.10 08:31:25;Sell;0.01;XAUUSD;3124.93;0.01;2025.04.10 08:42:38;3118.75;-0.07;;6.18
2025.03.31 07:30:21;Buy;0.01;XAUUSD;3111.71;0.01;2025.03.31 07:52:00;3114.11;-0.07;;2.4
2025.03.31 06:06:13;Buy;0.01;XAUUSD;3109.66;0.01;2025.03.31 06:11:21;3111.16;-0.07;;1.5
2025.03.21 16:58:01;Sell;0.01;XAUUSD;3006.01;0.01;2025.03.21 17:04:17;3004.09;-0.07;;1.92
2025.03.13 19:31:01;Buy;0.01;XAUUSD;2980.38;0.01;2025.03.13 19:33:44;2982.06;-0.07;;1.6800000000000002
2025.03.13 17:50:54;Buy;0.01;XAUUSD;2971.22;0.01;2025.03.13 18:14:12;2973.04;-0.07;;1.8199999999999998
2025.03.12 19:30:06;Buy;0.01;XAUUSD;2938.27;0.01;2025.03.12 20:47:13;2940.05;-0.07;;1.78
2025.03.11 17:45:00;Buy;0.01;XAUUSD;2915.52;0.01;2025.03.11 18:04:59;2917.19;-0.07;;1.67
2025.03.11 04:00:00;Sell;0.01;XAUUSD;2887.41;0.01;2025.03.11 04:04:06;2885.76;-0.07;;1.65
2025.03.05 18:18:27;Buy;0.01;XAUUSD;2926.63;0.01;2025.03.05 18:24:02;2928.31;-0.07;;1.6800000000000002
2025.03.05 15:50:07;Buy;0.01;XAUUSD;2894.93;0.01;2025.03.05 16:01:59;2900.18;-0.07;;5.25
2025.03.05 15:50:06;Buy;0.01;XAUUSD;2895.14;0.01;2025.03.05 16:01:59;2900.18;-0.07;;5.04
2025.03.05 15:50:06;Buy;0.01;XAUUSD;2895.18;0.01;2025.03.05 16:01:59;2900.18;-0.07;;5
2025.03.05 15:50:06;Buy;0.01;XAUUSD;2895.19;0.01;2025.03.05 16:01:59;2900.18;-0.07;;4.99
2025.03.05 15:43:38;Buy;0.01;XAUUSD;2904.17;0.01;2025.03.05 16:01:59;2900.19;-0.07;;-3.98
2025.03.05 15:43:38;Buy;0.01;XAUUSD;2904.12;0.01;2025.03.05 16:00:27;2900.33;-0.07;;-3.79
2025.03.05 15:30:00;Buy;0.01;XAUUSD;2913.23;0.01;2025.03.05 16:00:26;2900.4;-0.07;;-12.83
2025.03.04 13:51:13;Buy;0.01;XAUUSD;2921.18;0.01;2025.03.04 14:27:47;2922.62;-0.07;;1.44
2025.03.04 10:37:16;Buy;0.01;XAUUSD;2916.63;0.01;2025.03.04 10:39:58;2918.03;-0.07;;1.4
2025.02.25 18:45:00;Buy;0.01;XAUUSD;2895.19;0.01;2025.02.25 18:57:48;2897.3;-0.07;;2.11
2025.02.25 17:24:19;Sell;0.01;XAUUSD;2912.28;0.01;2025.02.25 17:30:04;2910.55;-0.07;;1.73
2025.02.11 16:06:56;Sell;0.01;XAUUSD;2900.34;0.01;2025.02.11 17:03:54;2892.69;-0.07;;7.65
2025.02.11 16:06:55;Sell;0.01;XAUUSD;2900.42;0.01;2025.02.11 17:03:54;2892.69;-0.07;;7.73
2025.02.11 16:06:55;Sell;0.01;XAUUSD;2900.22;0.01;2025.02.11 17:03:54;2892.69;-0.07;;7.53
2025.02.11 16:06:55;Sell;0.01;XAUUSD;2900.28;0.01;2025.02.11 17:03:54;2892.69;-0.07;;7.59
2025.02.11 15:32:16;Sell;0.01;XAUUSD;2891.2;0.01;2025.02.11 17:03:54;2892.69;-0.07;;-1.49
2025.02.11 15:32:16;Sell;0.01;XAUUSD;2891.23;0.01;2025.02.11 17:03:54;2892.69;-0.07;;-1.46
2025.02.11 15:19:28;Sell;0.01;XAUUSD;2882.16;0.01;2025.02.11 17:03:54;2892.69;-0.07;;-10.53
2025.02.11 03:53:06;Buy;0.01;XAUUSD;2935.28;0.01;2025.02.11 04:03:22;2937.7;-0.07;;2.42
2025.02.07 17:31:50;Buy;0.01;XAUUSD;2884.74;0.01;2025.02.07 17:46:36;2886.24;-0.07;;1.5
2025.02.06 17:00:46;Sell;0.01;XAUUSD;2837.91;0.01;2025.02.06 17:08:40;2836.27;-0.07;;1.6400000000000001
2025.02.04 17:40:07;Buy;0.01;XAUUSD;2836.49;0.01;2025.02.04 18:20:54;2840.41;-0.07;;3.92
2025.02.04 17:40:07;Buy;0.01;XAUUSD;2836.46;0.01;2025.02.04 18:20:54;2840.41;-0.07;;3.95
2025.02.04 17:34:05;Buy;0.01;XAUUSD;2845.62;0.01;2025.02.04 18:20:54;2840.41;-0.07;;-5.21
2025.02.03 16:49:28;Buy;0.01;XAUUSD;2825.38;0.01;2025.02.03 16:50:36;2827.48;-0.07;;2.1
2025.01.27 17:35:15;Sell;0.01;XAUUSD;2739.93;0.01;2025.01.27 18:52:30;2735.76;-0.07;;4.17
2025.01.10 20:25:16;Buy;0.01;XAUUSD;2688.74;0.01;2025.01.10 23:05:36;2692.43;-0.07;;3.69
2025.01.10 20:25:15;Buy;0.01;XAUUSD;2688.79;0.01;2025.01.10 23:05:36;2692.43;-0.07;;3.64
2025.01.10 19:46:38;Buy;0.01;XAUUSD;2697.79;0.01;2025.01.10 23:05:36;2692.43;-0.07;;-5.36
2025.01.10 18:30:16;Buy;0.01;XAUUSD;2687.26;0.01;2025.01.10 18:35:51;2691.54;-0.07;;4.28
2025.01.10 18:30:16;Buy;0.01;XAUUSD;2687.26;0.01;2025.01.10 18:35:51;2691.54;-0.07;;4.28
2025.01.10 17:32:50;Buy;0.01;XAUUSD;2696.28;0.01;2025.01.10 18:35:51;2691.54;-0.07;;-4.74
2024.12.16 20:30:00;Sell;0.01;XAUUSD;2653.16;0.01;2024.12.17 07:05:45;2650.51;-0.07;0.2;2.65
2024.12.12 19:01:04;Sell;0.01;XAUUSD;2684.35;0.01;2024.12.12 22:57:15;2680.41;-0.07;;3.94
2024.12.12 19:01:04;Sell;0.01;XAUUSD;2684.38;0.01;2024.12.12 22:57:15;2680.41;-0.07;;3.9699999999999998
2024.12.12 17:51:07;Sell;0.01;XAUUSD;2675.35;0.01;2024.12.12 22:57:15;2680.41;-0.07;;-5.06
2024.12.12 16:26:08;Sell;0.01;XAUUSD;2685.44;0.01;2024.12.12 16:28:25;2683.89;-0.07;;1.55
2024.12.05 21:45:00;Sell;0.01;XAUUSD;2630.91;0.01;2024.12.05 22:14:46;2629.27;-0.07;;1.6400000000000001
2024.12.05 05:03:16;Buy;0.01;XAUUSD;2645.2;0.01;2024.12.05 05:58:45;2648.68;-0.07;;3.48
2024.12.05 05:03:16;Buy;0.01;XAUUSD;2645.13;0.01;2024.12.05 05:58:45;2648.68;-0.07;;3.55
2024.12.04 18:15:00;Buy;0.01;XAUUSD;2654.26;0.01;2024.12.05 05:58:45;2648.68;-0.07;-1.02;-5.58
2024.12.02 15:42:26;Sell;0.01;XAUUSD;2647.74;0.01;2024.12.02 17:03:51;2643.2;-0.07;;4.54
2024.12.02 15:42:25;Sell;0.01;XAUUSD;2647.74;0.01;2024.12.02 17:03:51;2643.2;-0.07;;4.54
2024.12.02 13:12:37;Sell;0.01;XAUUSD;2638.91;0.01;2024.12.02 17:03:51;2643.2;-0.07;;-4.29
2024.12.02 15:42:25;Sell;0.01;XAUUSD;2647.72;0.01;2024.12.02 17:03:33;2642.05;-0.07;;5.67
2024.12.02 15:42:25;Sell;0.01;XAUUSD;2647.76;0.01;2024.12.02 17:03:32;2641.94;-0.07;;5.82
2024.12.02 13:12:37;Sell;0.01;XAUUSD;2638.75;0.01;2024.12.02 17:03:31;2641.91;-0.07;;-3.16
2024.12.02 10:45:00;Sell;0.01;XAUUSD;2629.7;0.01;2024.12.02 17:03:30;2641.89;-0.07;;-12.19
2024.11.25 20:18:55;Buy;0.01;XAUUSD;2620.74;0.01;2024.11.25 21:34:36;2625.37;-0.07;;4.63
2024.11.25 20:18:55;Buy;0.01;XAUUSD;2620.75;0.01;2024.11.25 21:34:36;2625.37;-0.07;;4.62
2024.11.25 19:15:00;Buy;0.01;XAUUSD;2629.79;0.01;2024.11.25 21:34:36;2625.37;-0.07;;-4.42
2024.11.25 17:57:31;Buy;0.01;XAUUSD;2627.65;0.01;2024.11.25 18:01:40;2631.95;-0.07;;4.3
2024.11.25 17:57:30;Buy;0.01;XAUUSD;2627.51;0.01;2024.11.25 18:01:40;2631.95;-0.07;;4.44
2024.11.25 17:30:00;Buy;0.01;XAUUSD;2637;0.01;2024.11.25 18:01:40;2631.95;-0.07;;-5.05
2024.11.25 16:15:20;Sell;0.01;XAUUSD;2656.56;0.01;2024.11.25 16:15:45;2655.02;-0.07;;1.54
2024.11.25 07:32:43;Buy;0.01;XAUUSD;2664.04;0.01;2024.11.25 07:34:21;2668.1;-0.07;;4.06
2024.11.25 07:32:43;Buy;0.01;XAUUSD;2663.86;0.01;2024.11.25 07:34:21;2668.1;-0.07;;4.24
2024.11.25 06:45:00;Buy;0.01;XAUUSD;2673.21;0.01;2024.11.25 07:34:21;2668.1;-0.07;;-5.11
2024.11.25 05:22:34;Sell;0.01;XAUUSD;2689.01;0.01;2024.11.25 05:25:00;2687.08;-0.07;;1.9300000000000002
2024.11.20 19:00:00;Buy;0.01;XAUUSD;2650.73;0.01;2024.11.20 19:07:23;2652.75;-0.07;;2.02
2024.11.18 03:25:20;Buy;0.01;XAUUSD;2591.99;0.01;2024.11.18 03:30:19;2594.37;-0.07;;2.38
2024.11.13 22:06:38;Sell;0.01;XAUUSD;2574.63;0.01;2024.11.14 01:34:58;2572.67;-0.07;0.59;1.96
2024.11.13 18:55:11;Sell;0.01;XAUUSD;2586.39;0.01;2024.11.13 19:03:39;2584.33;-0.07;;2.06
2024.11.11 19:30:00;Buy;0.01;XAUUSD;2612.06;0.01;2024.11.11 19:35:06;2614.25;-0.07;;2.19
2024.11.11 18:00:00;Buy;0.01;XAUUSD;2614.68;0.01;2024.11.11 18:16:27;2616.1;-0.07;;1.42
2024.11.11 16:45:00;Buy;0.01;XAUUSD;2620.43;0.01;2024.11.11 16:46:49;2622.95;-0.07;;2.52
2024.11.11 15:34:56;Sell;0.01;XAUUSD;2642.12;0.01;2024.11.11 15:35:43;2640.55;-0.07;;1.5699999999999998
2024.11.07 16:40:47;Buy;0.01;XAUUSD;2692.18;0.01;2024.11.07 16:41:06;2693.69;-0.07;;1.51
2024.11.06 18:00:00;Buy;0.01;XAUUSD;2676;0.01;2024.11.06 18:03:23;2677.76;-0.07;;1.76
2024.11.06 16:30:00;Buy;0.01;XAUUSD;2659.21;0.01;2024.11.06 16:45:47;2661.48;-0.07;;2.27
2024.11.06 15:15:26;Sell;0.01;XAUUSD;2681.3;0.01;2024.11.06 15:17:48;2679.57;-0.07;;1.73
2024.11.06 13:54:30;Sell;0.01;XAUUSD;2701.69;0.01;2024.11.06 13:55:55;2699.38;-0.07;;2.31
2024.11.06 08:29:13;Sell;0.01;XAUUSD;2717.11;0.01;2024.11.06 08:33:17;2714.32;-0.07;;2.79
2024.11.05 04:30:00;Sell;0.01;XAUUSD;2734.06;0.01;2024.11.05 04:33:57;2731.73;-0.07;;2.33
2024.10.23 18:45:00;Buy;0.01;XAUUSD;2718.78;0.01;2024.10.23 18:53:51;2720.7;-0.07;;1.92
2024.10.23 17:36:21;Sell;0.01;XAUUSD;2720.51;0.01;2024.10.23 17:38:01;2718.84;-0.07;;1.67
2024.10.14 06:15:00;Buy;0.01;XAUUSD;2656.27;0.01;2024.10.14 07:53:34;2659.11;-0.07;;2.84
2024.10.08 17:36:42;Sell;0.01;XAUUSD;2620.97;0.01;2024.10.08 18:01:33;2618.86;-0.07;;2.11
2024.10.08 14:22:14;Sell;0.01;XAUUSD;2649.98;0.01;2024.10.08 15:33:21;2642.93;-0.07;;7.05
2024.10.08 14:22:02;Sell;0.01;XAUUSD;2649.97;0.01;2024.10.08 15:33:21;2642.93;-0.07;;7.04
2024.10.08 13:30:00;Sell;0.01;XAUUSD;2640.97;0.01;2024.10.08 15:33:21;2642.93;-0.07;;-1.96
2024.10.04 18:05:06;Buy;0.01;XAUUSD;2664.83;0.01;2024.10.04 18:08:29;2666.77;-0.07;;1.94
2024.09.19 14:10:42;Buy;0.01;XAUUSD;2585.1;0.01;2024.09.19 14:48:20;2589.12;-0.07;;4.02
2024.09.19 14:10:42;Buy;0.01;XAUUSD;2585.1;0.01;2024.09.19 14:48:20;2589.12;-0.07;;4.02
2024.09.19 12:32:08;Buy;0.01;XAUUSD;2594.17;0.01;2024.09.19 14:48:20;2589.12;-0.07;;-5.05
2024.09.18 21:36:57;Buy;0.01;XAUUSD;2590.1;0.01;2024.09.18 21:38:45;2593.63;-0.07;;3.5300000000000002
2024.09.18 21:36:57;Buy;0.01;XAUUSD;2590.29;0.01;2024.09.18 21:38:45;2593.63;-0.07;;3.34
2024.09.18 21:33:54;Buy;0.01;XAUUSD;2599.34;0.01;2024.09.18 21:38:45;2593.63;-0.07;;-5.71
2024.09.12 19:17:08;Buy;0.01;XAUUSD;2545.73;0.01;2024.09.12 19:52:22;2549.36;-0.07;;3.63
2024.09.12 19:17:07;Buy;0.01;XAUUSD;2545.7;0.01;2024.09.12 19:52:22;2549.36;-0.07;;3.66
2024.09.12 18:08:10;Buy;0.01;XAUUSD;2554.74;0.01;2024.09.12 19:52:22;2549.36;-0.07;;-5.38
2024.09.12 16:40:03;Buy;0.01;XAUUSD;2545.15;0.01;2024.09.12 16:42:16;2547.07;-0.07;;1.92
2024.09.10 17:14:05;Buy;0.01;XAUUSD;2504.25;0.01;2024.09.10 17:55:14;2507.73;-0.07;;3.48
2024.09.10 17:14:05;Buy;0.01;XAUUSD;2504.26;0.01;2024.09.10 17:55:14;2507.73;-0.07;;3.4699999999999998
2024.09.10 16:15:00;Buy;0.01;XAUUSD;2513.31;0.01;2024.09.10 17:55:04;2507.84;-0.07;;-5.47
2024.09.09 10:45:00;Sell;0.01;XAUUSD;2494.04;0.01;2024.09.09 10:53:28;2491.81;-0.07;;2.23
2024.09.06 19:05:04;Sell;0.01;XAUUSD;2497.06;0.01;2024.09.06 19:15:41;2494.95;-0.07;;2.11
2024.09.06 02:30:00;Buy;0.01;XAUUSD;2517.51;0.01;2024.09.06 08:09:52;2519.72;-0.07;;2.21
2024.09.03 03:45:00;Sell;0.01;XAUUSD;2495.87;0.01;2024.09.03 04:12:13;2493.15;-0.07;;2.7199999999999998
2024.08.22 17:13:56;Sell;0.01;XAUUSD;2477.05;0.01;2024.08.22 17:17:46;2475.26;-0.07;;1.79
2024.08.16 15:59:34;Buy;0.01;XAUUSD;2491.27;0.01;2024.08.16 16:39:48;2492.91;-0.07;;1.6400000000000001
2024.08.15 16:00:25;Sell;0.01;XAUUSD;2437.47;0.01;2024.08.15 16:00:58;2436.57;-0.07;;0.9
2024.08.14 17:35:09;Sell;0.01;XAUUSD;2447.6;0.01;2024.08.14 18:34:07;2445.7;-0.07;;1.9
2024.08.09 15:00:00;Buy;0.01;XAUUSD;2426.84;0.01;2024.08.09 15:37:43;2428.29;-0.07;;1.45
2024.08.02 18:45:00;Buy;0.01;XAUUSD;2421.46;0.01;2024.08.02 18:46:53;2423.3;-0.07;;1.8399999999999999
2024.08.02 17:37:21;Sell;0.01;XAUUSD;2445.39;0.01;2024.08.02 17:37:31;2443.79;-0.07;;1.6
2024.08.02 14:35:52;Buy;0.01;XAUUSD;2458.29;0.01;2024.08.02 15:31:45;2469.59;-0.07;;11.3
2024.08.02 14:35:51;Buy;0.01;XAUUSD;2458.34;0.01;2024.08.02 15:31:45;2469.59;-0.07;;11.25
2024.08.02 09:00:02;Buy;0.01;XAUUSD;2467.41;0.01;2024.08.02 15:31:45;2469.59;-0.07;;2.18
2024.07.31 13:45:00;Buy;0.01;XAUUSD;2418.7;0.01;2024.07.31 14:12:15;2420.76;-0.07;;2.06
2024.07.25 06:20:30;Sell;0.01;XAUUSD;2369.17;0.01;2024.07.25 06:22:04;2367.42;-0.07;;1.75
2024.07.25 04:42:43;Sell;0.01;XAUUSD;2373.08;0.01;2024.07.25 04:42:56;2371.43;-0.07;;1.65
2024.07.24 22:56:18;Sell;0.01;XAUUSD;2399.34;0.01;2024.07.24 23:31:04;2397.7;-0.07;;1.6400000000000001
2024.07.22 20:19:59;Sell;0.01;XAUUSD;2395.08;0.01;2024.07.23 08:48:08;2391.55;-0.07;0.2;3.5300000000000002
2024.07.22 20:19:59;Sell;0.01;XAUUSD;2395.11;0.01;2024.07.23 08:48:08;2391.55;-0.07;0.2;3.56
2024.07.22 18:30:00;Sell;0.01;XAUUSD;2386.05;0.01;2024.07.23 08:48:08;2391.55;-0.07;0.2;-5.5
2024.07.18 08:21:00;Sell;0.01;XAUUSD;2469.59;0.01;2024.07.18 13:09:24;2463.87;-0.07;;5.72
2024.07.18 08:20:37;Sell;0.01;XAUUSD;2469.56;0.01;2024.07.18 13:09:24;2463.87;-0.07;;5.6899999999999995
2024.07.18 08:20:36;Sell;0.01;XAUUSD;2469.56;0.01;2024.07.18 13:09:24;2463.87;-0.07;;5.6899999999999995
2024.07.18 08:20:36;Sell;0.01;XAUUSD;2469.55;0.01;2024.07.18 13:09:24;2463.87;-0.07;;5.68
2024.07.18 02:05:19;Sell;0.01;XAUUSD;2460.61;0.01;2024.07.18 13:09:24;2463.87;-0.07;;-3.26
2024.07.18 02:05:19;Sell;0.01;XAUUSD;2460.54;0.01;2024.07.18 13:09:24;2463.87;-0.07;;-3.33
2024.07.17 21:03:00;Sell;0.01;XAUUSD;2451.54;0.01;2024.07.18 13:09:24;2463.87;-0.07;0.59;-12.33
2024.07.16 20:49:17;Buy;0.01;XAUUSD;2465.31;0.01;2024.07.16 23:01:02;2468.01;-0.07;;2.7
2024.07.16 18:23:38;Buy;0.01;XAUUSD;2461.65;0.01;2024.07.16 18:39:13;2463.82;-0.07;;2.17
2024.07.11 19:15:00;Sell;0.01;XAUUSD;2415.67;0.01;2024.07.11 19:24:46;2414.17;-0.07;;1.5
2024.07.11 17:50:20;Buy;0.01;XAUUSD;2412.96;0.01;2024.07.11 17:53:21;2415.14;-0.07;;2.18
2024.07.11 16:25:03;Buy;0.01;XAUUSD;2410.83;0.01;2024.07.11 16:25:42;2412.52;-0.07;;1.69
2024.07.05 20:05:21;Buy;0.01;XAUUSD;2388.33;0.01;2024.07.05 21:23:52;2390.33;-0.07;;2
2024.07.05 17:09:10;Buy;0.01;XAUUSD;2375.54;0.01;2024.07.05 17:26:25;2379.21;-0.07;;3.67
2024.07.05 17:09:10;Buy;0.01;XAUUSD;2375.53;0.01;2024.07.05 17:26:13;2379.23;-0.07;;3.7
2024.07.05 16:42:37;Buy;0.01;XAUUSD;2384.63;0.01;2024.07.05 17:26:13;2379.23;-0.07;;-5.4
2024.07.01 19:45:00;Buy;0.01;XAUUSD;2329.64;0.01;2024.07.01 23:11:51;2331.71;-0.07;;2.07
2024.06.25 21:30:00;Sell;0.01;XAUUSD;2318.75;0.01;2024.06.26 04:39:25;2314.33;-0.07;0.2;4.42
2024.06.21 20:03:43;Sell;0.01;XAUUSD;2323.19;0.01;2024.06.21 20:05:19;2322.19;-0.07;;1
2024.06.21 18:15:28;Sell;0.01;XAUUSD;2328.48;0.01;2024.06.21 18:17:23;2325.65;-0.07;;2.83
2024.06.21 16:53:09;Sell;0.01;XAUUSD;2336.52;0.01;2024.06.21 17:04:26;2334.18;-0.07;;2.34
2024.06.19 09:00:00;Buy;0.01;XAUUSD;2329.57;0.01;2024.06.19 10:05:56;2331.9;-0.07;;2.33
2024.06.07 22:45:00;Sell;0.01;XAUUSD;2293.79;0.01;2024.06.07 22:48:22;2291.85;-0.07;;1.94
2024.06.07 19:48:55;Sell;0.01;XAUUSD;2314.06;0.01;2024.06.07 19:58:00;2311.04;-0.07;;3.02
2024.06.07 19:48:54;Sell;0.01;XAUUSD;2314.06;0.01;2024.06.07 19:58:00;2311.04;-0.07;;3.02
2024.06.07 18:59:39;Sell;0.01;XAUUSD;2305.01;0.01;2024.06.07 19:55:20;2310.39;-0.07;;-5.38
2024.06.07 16:56:16;Buy;0.01;XAUUSD;2307.03;0.01;2024.06.07 17:10:02;2313.84;-0.07;;6.8100000000000005
2024.06.07 16:56:16;Buy;0.01;XAUUSD;2306.93;0.01;2024.06.07 17:10:02;2313.84;-0.07;;6.91
2024.06.07 16:56:15;Buy;0.01;XAUUSD;2307.01;0.01;2024.06.07 17:10:02;2313.84;-0.07;;6.83
2024.06.07 16:56:15;Buy;0.01;XAUUSD;2306.93;0.01;2024.06.07 17:10:02;2313.84;-0.07;;6.91
2024.06.07 16:45:38;Buy;0.01;XAUUSD;2316.32;0.01;2024.06.07 17:10:02;2313.84;-0.07;;-2.48
2024.06.07 16:45:38;Buy;0.01;XAUUSD;2316.27;0.01;2024.06.07 17:10:02;2313.84;-0.07;;-2.43
2024.06.07 16:30:00;Buy;0.01;XAUUSD;2325.33;0.01;2024.06.07 17:10:02;2313.84;-0.07;;-11.49
2024.06.07 13:45:00;Buy;0.01;XAUUSD;2335.64;0.01;2024.06.07 14:56:13;2337.14;-0.07;;1.5
2024.06.07 12:19:28;Sell;0.01;XAUUSD;2340.78;0.01;2024.06.07 12:27:32;2338.79;-0.07;;1.99
2024.06.07 11:07:11;Sell;0.01;XAUUSD;2355.49;0.01;2024.06.07 11:07:49;2353.81;-0.07;;1.6800000000000002
2024.06.06 11:00:00;Buy;0.01;XAUUSD;2362.98;0.01;2024.06.06 15:30:11;2363.32;-0.07;;0.34
2024.05.31 20:24:15;Sell;0.01;XAUUSD;2327.52;0.01;2024.05.31 20:27:44;2325.49;-0.07;;2.03
2024.05.23 20:26:33;Sell;0.01;XAUUSD;2337.86;0.01;2024.05.23 20:29:31;2335.58;-0.07;;2.2800000000000002
2024.05.22 21:22:12;Sell;0.01;XAUUSD;2381.19;0.01;2024.05.22 21:29:25;2379.67;-0.07;;1.52
2024.05.22 17:23:49;Sell;0.01;XAUUSD;2387.3;0.01;2024.05.22 17:27:51;2385.54;-0.07;;1.76
2024.05.20 15:26:22;Sell;0.01;XAUUSD;2415.1;0.01;2024.05.20 15:42:20;2412.37;-0.07;;2.73
2024.05.17 17:51:51;Buy;0.01;XAUUSD;2414.13;0.01;2024.05.17 18:01:51;2416.3;-0.07;;2.17
2024.05.15 18:20:56;Buy;0.01;XAUUSD;2384.02;0.01;2024.05.15 19:48:37;2385.9;-0.07;;1.88
2024.05.09 21:00:00;Buy;0.01;XAUUSD;2334.9;0.01;2024.05.09 21:52:47;2336.64;-0.07;;1.74
2024.05.09 17:34:20;Buy;0.01;XAUUSD;2329.99;0.01;2024.05.09 18:05:53;2334.13;-0.07;;4.14
2024.05.09 17:34:20;Buy;0.01;XAUUSD;2330.01;0.01;2024.05.09 18:05:53;2334.13;-0.07;;4.12
2024.05.09 17:27:07;Buy;0.01;XAUUSD;2339.02;0.01;2024.05.09 18:05:53;2334.13;-0.07;;-4.89
2024.05.03 16:33:22;Sell;0.01;XAUUSD;2288.12;0.01;2024.05.03 16:33:27;2286.44;-0.07;;1.6800000000000002
2024.05.01 22:11:05;Buy;0.01;XAUUSD;2319.01;0.01;2024.05.01 22:14:11;2323.32;-0.07;;4.31
2024.05.01 21:55:17;Buy;0.01;XAUUSD;2328.32;0.01;2024.05.01 22:14:11;2323.32;-0.07;;-5
2024.05.01 22:11:06;Buy;0.01;XAUUSD;2319.07;0.01;2024.05.01 22:14:02;2323.37;-0.07;;4.3
2024.04.23 16:45:46;Buy;0.01;XAUUSD;2325.07;0.01;2024.04.23 16:54:25;2327.95;-0.07;;2.88
2024.04.23 03:45:00;Sell;0.01;XAUUSD;2331.81;0.01;2024.04.23 04:31:13;2328.46;-0.07;;3.35
2024.04.22 17:30:05;Sell;0.01;XAUUSD;2340.54;0.01;2024.04.22 18:09:09;2336.74;-0.07;;3.8
2024.04.22 17:30:00;Sell;0.01;XAUUSD;2340.32;0.01;2024.04.22 18:09:09;2336.74;-0.07;;3.58
2024.04.22 16:35:41;Sell;0.01;XAUUSD;2331.5;0.01;2024.04.22 18:09:09;2336.74;-0.07;;-5.24
2024.04.21 07:35:27;Balance;;;;;;;;;139
